countryiso3code,date,SL.UEM.TOTL.ZS
AFE,2023-01-01,7.47282411216494
AFE,2022-01-01,7.4482217862402
AFE,2021-01-01,7.96449309355542
AFE,2020-01-01,7.66116109948316
AFE,2019-01-01,7.24466987969725
AFE,2018-01-01,7.06844009954607
AFE,2017-01-01,7.12303202761926
AFE,2016-01-01,7.02762996710982
AFE,2015-01-01,6.88031174359159
AFE,2014-01-01,6.79081012095129
AFW,2023-01-01,3.39778239252847
AFW,2022-01-01,3.7377655118933
AFW,2021-01-01,4.52401613539756
AFW,2020-01-01,4.69749668526263
AFW,2019-01-01,4.24794393851122
AFW,2018-01-01,4.22416721373205
AFW,2017-01-01,4.2041704106045
AFW,2016-01-01,4.13994847035832
AFW,2015-01-01,4.20456155793808
AFW,2014-01-01,3.89955008418728
ARB,2023-01-01,9.87831825553502
ARB,2022-01-01,9.86965632118725
ARB,2021-01-01,10.7832971150998
ARB,2020-01-01,11.2313838426467
ARB,2019-01-01,10.1413306101718
ARB,2018-01-01,10.5986007596487
ARB,2017-01-01,11.0687158153229
ARB,2016-01-01,10.8073210701761
ARB,2015-01-01,11.0704528945073
ARB,2014-01-01,10.9400026753672
CSS,2023-01-01,9.91360375890167
CSS,2022-01-01,10.7078632981246
CSS,2021-01-01,12.3954073961092
CSS,2020-01-01,13.3550636913219
CSS,2019-01-01,10.8562293538131
CSS,2018-01-01,11.1749613879246
CSS,2017-01-01,10.9611837901566
CSS,2016-01-01,11.5331435195688
CSS,2015-01-01,11.5789445340356
CSS,2014-01-01,12.2346247373154
CEB,2023-01-01,4.08125724708342
CEB,2022-01-01,4.00665167510362
CEB,2021-01-01,4.48659281280673
CEB,2020-01-01,4.3737883559419
CEB,2019-01-01,3.78084720704764
CEB,2018-01-01,4.31558554732781
CEB,2017-01-01,5.29764711939543
CEB,2016-01-01,6.49345477676331
CEB,2015-01-01,7.82265664366544
CEB,2014-01-01,8.86413733524672
EAR,2023-01-01,5.20457602717864
EAR,2022-01-01,5.63112979143557
EAR,2021-01-01,6.65952046894257
EAR,2020-01-01,7.28948590783761
EAR,2019-01-01,6.24937981637554
EAR,2018-01-01,6.71442239238817
EAR,2017-01-01,6.69497324765732
EAR,2016-01-01,6.76692970723783
EAR,2015-01-01,6.86407125750194
EAR,2014-01-01,6.72005730508936
EAS,2023-01-01,3.88568706575614
EAS,2022-01-01,4.10933492731637
EAS,2021-01-01,4.06177887102328
EAS,2020-01-01,4.30035312286859
EAS,2019-01-01,3.81998173042609
EAS,2018-01-01,3.75027725399733
EAS,2017-01-01,3.87116311350851
EAS,2016-01-01,3.99992703895111
EAS,2015-01-01,4.08907680510536
EAS,2014-01-01,4.02165279414996
EAP,2023-01-01,4.00042935827848
EAP,2022-01-01,4.23994599747616
EAP,2021-01-01,4.12867163385659
EAP,2020-01-01,4.36840294729948
EAP,2019-01-01,3.89898080766025
EAP,2018-01-01,3.80842977966395
EAP,2017-01-01,3.91708260047549
EAP,2016-01-01,4.03812090524983
EAP,2015-01-01,4.12081318672523
EAP,2014-01-01,4.04591453419092
TEA,2023-01-01,4.01445096979499
TEA,2022-01-01,4.2578627099005
TEA,2021-01-01,4.14249578776836
TEA,2020-01-01,4.38712736243704
TEA,2019-01-01,3.91382134934695
TEA,2018-01-01,3.8227222566523
TEA,2017-01-01,3.93193268866435
TEA,2016-01-01,4.05340538803135
TEA,2015-01-01,4.13748670573712
TEA,2014-01-01,4.06173293957385
EMU,2023-01-01,6.53016093878662
EMU,2022-01-01,6.74582069126458
EMU,2021-01-01,7.73006694615949
EMU,2020-01-01,7.82334781813661
EMU,2019-01-01,7.50602326318793
EMU,2018-01-01,8.15820119060281
EMU,2017-01-01,9.05337170464654
EMU,2016-01-01,10.0286359293483
EMU,2015-01-01,10.8901555056587
EMU,2014-01-01,11.6268411199109
ECS,2023-01-01,5.60156165342598
ECS,2022-01-01,5.8173385447594
ECS,2021-01-01,6.86258221213443
ECS,2020-01-01,7.0487699107129
ECS,2019-01-01,6.58944478950001
ECS,2018-01-01,6.83378209024065
ECS,2017-01-01,7.43431878303094
ECS,2016-01-01,8.03706485884347
ECS,2015-01-01,8.5065267675632
ECS,2014-01-01,8.89048362626422
ECA,2023-01-01,7.17450381976556
ECA,2022-01-01,7.62118282348281
ECA,2021-01-01,8.8371804727331
ECA,2020-01-01,9.13363892237127
ECA,2019-01-01,8.9809853115438
ECA,2018-01-01,8.49122418173747
ECA,2017-01-01,8.83451466806739
ECA,2016-01-01,8.92418936426229
ECA,2015-01-01,8.8463468571602
ECA,2014-01-01,8.86034793328503
TEC,2023-01-01,5.19982385763887
TEC,2022-01-01,5.59476712458669
TEC,2021-01-01,6.7278540306834
TEC,2020-01-01,7.11740339086876
TEC,2019-01-01,6.62152235765995
TEC,2018-01-01,6.57428940750591
TEC,2017-01-01,7.0241393717098
TEC,2016-01-01,7.37061624792512
TEC,2015-01-01,7.53748141968404
TEC,2014-01-01,7.56199681085316
EUU,2023-01-01,6.01950835510471
EUU,2022-01-01,6.1470759507747
EUU,2021-01-01,7.02260813084772
EUU,2020-01-01,7.0424008512994
EUU,2019-01-01,6.67426331604498
EUU,2018-01-01,7.25186197003969
EUU,2017-01-01,8.1194012443605
EUU,2016-01-01,9.1034863830255
EUU,2015-01-01,10.0202284528246
EUU,2014-01-01,10.8180241920617
FCS,2023-01-01,5.61591641710673
FCS,2022-01-01,5.75827706735074
FCS,2021-01-01,6.77315960812844
FCS,2020-01-01,6.66949274574688
FCS,2019-01-01,5.89409658257476
FCS,2018-01-01,5.87451673246892
FCS,2017-01-01,5.8948327706098
FCS,2016-01-01,5.68924640774221
FCS,2015-01-01,5.56156546937
FCS,2014-01-01,5.47976437989785
HPC,2023-01-01,4.62453871067687
HPC,2022-01-01,4.53413252881047
HPC,2021-01-01,5.00277864750535
HPC,2020-01-01,5.14928541148268
HPC,2019-01-01,4.42264514071187
HPC,2018-01-01,4.42870182767585
HPC,2017-01-01,4.52973789368646
HPC,2016-01-01,4.50307279627057
HPC,2015-01-01,4.53651404370612
HPC,2014-01-01,4.37204689259815
,2023-01-01,4.38700603790303
,2022-01-01,4.49389346917888
,2021-01-01,5.55748978604597
,2020-01-01,6.45454672929744
,2019-01-01,4.76129186481174
,2018-01-01,5.08423937936413
,2017-01-01,5.59048004106759
,2016-01-01,6.1350678610476
,2015-01-01,6.57599324756492
,2014-01-01,7.06204225859806
IBD,2023-01-01,5.11937184371446
IBD,2022-01-01,5.5429437498218
IBD,2021-01-01,6.26635804865074
IBD,2020-01-01,6.90114930060324
IBD,2019-01-01,6.03343538961832
IBD,2018-01-01,6.25104228526483
IBD,2017-01-01,6.38365785226418
IBD,2016-01-01,6.43501732012467
IBD,2015-01-01,6.339557593381
IBD,2014-01-01,6.21740041305352
IBT,2023-01-01,5.08018735510528
IBT,2022-01-01,5.42348763382878
IBT,2021-01-01,6.12599755797436
IBT,2020-01-01,6.60512581745327
IBT,2019-01-01,5.7571242987576
IBT,2018-01-01,5.90275075836632
IBT,2017-01-01,5.99271648498029
IBT,2016-01-01,5.99513667842469
IBT,2015-01-01,5.94812577845476
IBT,2014-01-01,5.79080587385922
IDB,2023-01-01,4.8103699956364
IDB,2022-01-01,5.14842501363786
IDB,2021-01-01,6.03506508265734
IDB,2020-01-01,6.03722074655765
IDB,2019-01-01,5.20260195436894
IDB,2018-01-01,4.81834732009468
IDB,2017-01-01,4.33948088709596
IDB,2016-01-01,3.73569867015158
IDB,2015-01-01,4.06531889057804
IDB,2014-01-01,3.3297977541972
IDX,2023-01-01,5.017920411237
IDX,2022-01-01,4.98009182157722
IDX,2021-01-01,5.48651888609626
IDX,2020-01-01,5.42075528212085
IDX,2019-01-01,4.61487334501369
IDX,2018-01-01,4.60310662839116
IDX,2017-01-01,4.69410672669928
IDX,2016-01-01,4.66916808051881
IDX,2015-01-01,4.67812536837399
IDX,2014-01-01,4.55708769890908
IDA,2023-01-01,4.95281977990232
IDA,2022-01-01,5.03283381694065
IDA,2021-01-01,5.6582175777984
IDA,2020-01-01,5.6126747960257
IDA,2019-01-01,4.79765160867445
IDA,2018-01-01,4.66995645285721
IDA,2017-01-01,4.58345571310177
IDA,2016-01-01,4.37558670626809
IDA,2015-01-01,4.48448949652961
IDA,2014-01-01,4.17076476017499
LTE,2023-01-01,4.84214780024556
LTE,2022-01-01,5.20529779757495
LTE,2021-01-01,5.50931419951374
LTE,2020-01-01,5.92878593561638
LTE,2019-01-01,5.18904341207345
LTE,2018-01-01,5.04578213220743
LTE,2017-01-01,5.26563670781674
LTE,2016-01-01,5.27204239472755
LTE,2015-01-01,5.09816178315488
LTE,2014-01-01,4.92325043385231
LCN,2023-01-01,6.22089586370748
LCN,2022-01-01,6.90545810417572
LCN,2021-01-01,9.16755715897365
LCN,2020-01-01,10.2126842763956
LCN,2019-01-01,8.01658034651881
LCN,2018-01-01,7.95304389320945
LCN,2017-01-01,8.04964446167378
LCN,2016-01-01,7.75391609010849
LCN,2015-01-01,6.6871667035049
LCN,2014-01-01,6.18450632911304
LAC,2023-01-01,6.13213708847925
LAC,2022-01-01,6.88776049465308
LAC,2021-01-01,9.23885173523541
LAC,2020-01-01,10.2733823272858
LAC,2019-01-01,8.12851324619014
LAC,2018-01-01,8.09059653566877
LAC,2017-01-01,8.23194430209279
LAC,2016-01-01,7.90667470796857
LAC,2015-01-01,6.70202119320166
LAC,2014-01-01,6.09934747981062
TLA,2023-01-01,6.30454339239509
TLA,2022-01-01,7.00229002695219
TLA,2021-01-01,9.30145763900851
TLA,2020-01-01,10.3689261961107
TLA,2019-01-01,8.13346018819447
TLA,2018-01-01,8.05797023948191
TLA,2017-01-01,8.15207411416684
TLA,2016-01-01,7.83885831371641
TLA,2015-01-01,6.74007836174036
TLA,2014-01-01,6.21057432497064
LDC,2023-01-01,5.3022047503225
LDC,2022-01-01,5.25129524726093
LDC,2021-01-01,5.82743118087222
LDC,2020-01-01,5.74422876568591
LDC,2019-01-01,4.96337678965536
LDC,2018-01-01,4.95126747795396
LDC,2017-01-01,5.05965680278078
LDC,2016-01-01,4.97735571040009
LDC,2015-01-01,4.89410977009747
LDC,2014-01-01,4.79949004887785
LMY,2023-01-01,5.09892428882732
LMY,2022-01-01,5.4527967740796
LMY,2021-01-01,6.1479540310899
LMY,2020-01-01,6.61472887377826
LMY,2019-01-01,5.78935121664157
LMY,2018-01-01,5.92839217387876
LMY,2017-01-01,6.00338296990549
LMY,2016-01-01,5.98192555871534
LMY,2015-01-01,5.91321332395688
LMY,2014-01-01,5.74188710672605
,2023-01-01,5.31143248284265
,2022-01-01,5.14926266343129
,2021-01-01,5.65437681718971
,2020-01-01,5.70806788893761
,2019-01-01,5.00826879309828
,2018-01-01,5.01295803880824
,2017-01-01,5.0892095856532
,2016-01-01,4.99568946610451
,2015-01-01,4.89741384126824
,2014-01-01,4.79145811828767
,2023-01-01,4.49909170990787
,2022-01-01,4.94016547872947
,2021-01-01,6.05135761023369
,2020-01-01,6.70232245326264
,2019-01-01,5.64287059341806
,2018-01-01,6.14458475751361
,2017-01-01,6.22011004292745
,2016-01-01,6.18228054260817
,2015-01-01,6.33438594890753
,2014-01-01,6.21477276247579
MEA,2023-01-01,9.22527629027245
MEA,2022-01-01,9.55675996872468
MEA,2021-01-01,10.108600541377
MEA,2020-01-01,10.4932836820598
MEA,2019-01-01,9.75438801996505
MEA,2018-01-01,10.4034809410759
MEA,2017-01-01,10.797465686371
MEA,2016-01-01,10.614383939186
MEA,2015-01-01,10.541031620978
MEA,2014-01-01,10.2769842504711
MNA,2023-01-01,10.8744458910793
MNA,2022-01-01,11.1777437501809
MNA,2021-01-01,11.7053721951154
MNA,2020-01-01,12.0543845266066
MNA,2019-01-01,11.4990845341433
MNA,2018-01-01,12.2635996062965
MNA,2017-01-01,12.7176995786461
MNA,2016-01-01,12.5166150150821
MNA,2015-01-01,12.3675282557496
MNA,2014-01-01,11.9095490156231
TMN,2023-01-01,10.8744458910793
TMN,2022-01-01,11.0270037297221
TMN,2021-01-01,11.5419431036778
TMN,2020-01-01,11.9094146582887
TMN,2019-01-01,11.3500577984175
TMN,2018-01-01,12.1183901510572
TMN,2017-01-01,12.5840105227982
TMN,2016-01-01,12.4010345475513
TMN,2015-01-01,12.2599451746199
TMN,2014-01-01,11.8273678370857
MIC,2023-01-01,5.07688546290496
MIC,2022-01-01,5.48401549316289
MIC,2021-01-01,6.19770077175134
MIC,2020-01-01,6.70538259372903
MIC,2019-01-01,5.86493424488872
MIC,2018-01-01,6.01535548161313
MIC,2017-01-01,6.08859672281781
MIC,2016-01-01,6.07205217797714
MIC,2015-01-01,6.00433934951919
MIC,2014-01-01,5.82618820308018
NAC,2023-01-01,3.82480514362416
NAC,2022-01-01,3.83374835132991
NAC,2021-01-01,5.59299605694151
NAC,2020-01-01,8.23128983545338
NAC,2019-01-01,3.89241194091645
NAC,2018-01-01,4.1087380763703
NAC,2017-01-01,4.58159619810452
NAC,2016-01-01,5.10547669523075
NAC,2015-01-01,5.46180275648935
NAC,2014-01-01,6.26148266320497
OED,2023-01-01,4.81907315738235
OED,2022-01-01,4.98417502472304
OED,2021-01-01,6.19380130575329
OED,2020-01-01,7.14151055635845
OED,2019-01-01,5.38904353838096
OED,2018-01-01,5.46951508208401
OED,2017-01-01,5.90735032407124
OED,2016-01-01,6.43543073237329
OED,2015-01-01,6.85222359904241
OED,2014-01-01,7.40189151006678
OSS,2023-01-01,8.15238482768171
OSS,2022-01-01,8.27402660239825
OSS,2021-01-01,8.7356119554679
OSS,2020-01-01,9.12084049089226
OSS,2019-01-01,7.55897242328313
OSS,2018-01-01,7.84284122860608
OSS,2017-01-01,8.21544312614478
OSS,2016-01-01,8.57033729989458
OSS,2015-01-01,8.88962681266777
OSS,2014-01-01,9.28835108260616
PSS,2023-01-01,3.72942065533497
PSS,2022-01-01,3.83067888737598
PSS,2021-01-01,3.60474415655574
PSS,2020-01-01,3.50581280666335
PSS,2019-01-01,3.51851427690957
PSS,2018-01-01,3.49163625149505
PSS,2017-01-01,3.48418829093629
PSS,2016-01-01,3.46624189356177
PSS,2015-01-01,3.46048200664483
PSS,2014-01-01,3.46103866764466
PST,2023-01-01,4.45596873789694
PST,2022-01-01,4.50999157227142
PST,2021-01-01,5.79579066217279
PST,2020-01-01,6.707652739053
PST,2019-01-01,4.93964776716091
PST,2018-01-01,5.28825303519223
PST,2017-01-01,5.83639833337156
PST,2016-01-01,6.4043730200603
PST,2015-01-01,6.86785629878725
PST,2014-01-01,7.44120265953412
PRE,2023-01-01,5.16816565702535
PRE,2022-01-01,5.21942761134312
PRE,2021-01-01,5.88360900576437
PRE,2020-01-01,6.04272774627958
PRE,2019-01-01,5.51609281598594
PRE,2018-01-01,5.45851475517408
PRE,2017-01-01,5.46533363858061
PRE,2016-01-01,5.1886831437827
PRE,2015-01-01,5.10192042563972
PRE,2014-01-01,5.01367464138972
SST,2023-01-01,7.88971878930358
SST,2022-01-01,8.11159054588073
SST,2021-01-01,8.68223921514957
SST,2020-01-01,9.092816530217
SST,2019-01-01,7.5896147335354
SST,2018-01-01,7.85457543799761
SST,2017-01-01,8.09252205807457
SST,2016-01-01,8.43823032520535
SST,2015-01-01,8.67227846770129
SST,2014-01-01,9.05953639254819
SAS,2023-01-01,4.61349940430436
SAS,2022-01-01,5.14528947887754
SAS,2021-01-01,6.44589719333181
SAS,2020-01-01,7.55004885180795
SAS,2019-01-01,6.23383231502801
SAS,2018-01-01,7.00880479011883
SAS,2017-01-01,6.95480348947292
SAS,2016-01-01,6.9159758345075
SAS,2015-01-01,7.10982709880107
SAS,2014-01-01,7.00081709920807
TSA,2023-01-01,4.61349940430436
TSA,2022-01-01,5.14528947887754
TSA,2021-01-01,6.44589719333181
TSA,2020-01-01,7.55004885180795
TSA,2019-01-01,6.23383231502801
TSA,2018-01-01,7.00880479011883
TSA,2017-01-01,6.95480348947292
TSA,2016-01-01,6.91597583450751
TSA,2015-01-01,7.10982709880107
TSA,2014-01-01,7.00081709920806
SSF,2023-01-01,5.9681441605434
SSF,2022-01-01,6.0782191698974
SSF,2021-01-01,6.69681929875394
SSF,2020-01-01,6.56697284213806
SSF,2019-01-01,6.1385567095684
SSF,2018-01-01,6.01754020171336
SSF,2017-01-01,6.0446244692085
SSF,2016-01-01,5.95717068693606
SSF,2015-01-01,5.88782130413379
SSF,2014-01-01,5.71342634020634
SSA,2023-01-01,5.96814416054341
SSA,2022-01-01,6.0782191698974
SSA,2021-01-01,6.69681929875394
SSA,2020-01-01,6.56697284213806
SSA,2019-01-01,6.1385567095684
SSA,2018-01-01,6.01754020171336
SSA,2017-01-01,6.0446244692085
SSA,2016-01-01,5.95717068693606
SSA,2015-01-01,5.88782130413379
SSA,2014-01-01,5.71342634020634
TSS,2023-01-01,5.9681441605434
TSS,2022-01-01,6.0782191698974
TSS,2021-01-01,6.69681929875394
TSS,2020-01-01,6.56697284213806
TSS,2019-01-01,6.1385567095684
TSS,2018-01-01,6.01754020171336
TSS,2017-01-01,6.0446244692085
TSS,2016-01-01,5.95717068693606
TSS,2015-01-01,5.88782130413379
TSS,2014-01-01,5.71342634020634
,2023-01-01,5.58021086539816
,2022-01-01,5.93922577248482
,2021-01-01,6.3161596400082
,2020-01-01,6.70784948621137
,2019-01-01,6.03939956872472
,2018-01-01,5.91472641849046
,2017-01-01,5.98707050154594
,2016-01-01,5.9877089151999
,2015-01-01,5.75420409188962
,2014-01-01,5.53428117447339
WLD,2023-01-01,4.96143065047416
WLD,2022-01-01,5.26461597288318
WLD,2021-01-01,6.03376129229279
WLD,2020-01-01,6.58528753143071
WLD,2019-01-01,5.5829801043763
WLD,2018-01-01,5.75639790322219
WLD,2017-01-01,5.91614141999205
WLD,2016-01-01,6.01033134504685
WLD,2015-01-01,6.04884902024336
WLD,2014-01-01,6.01622857271861
AFG,2023-01-01,14.386
AFG,2022-01-01,14.1
AFG,2021-01-01,11.934
AFG,2020-01-01,11.71
AFG,2019-01-01,11.224
AFG,2018-01-01,11.206
AFG,2017-01-01,11.184
AFG,2016-01-01,10.1
AFG,2015-01-01,9.011
AFG,2014-01-01,7.915
ALB,2023-01-01,11.584
ALB,2022-01-01,11.588
ALB,2021-01-01,12.473
ALB,2020-01-01,12.79
ALB,2019-01-01,11.466
ALB,2018-01-01,12.304
ALB,2017-01-01,13.616
ALB,2016-01-01,15.418
ALB,2015-01-01,17.193
ALB,2014-01-01,18.055
DZA,2023-01-01,11.814
DZA,2022-01-01,12.437
DZA,2021-01-01,13.607
DZA,2020-01-01,14.04
DZA,2019-01-01,12.285
DZA,2018-01-01,12.15
DZA,2017-01-01,12.0
DZA,2016-01-01,10.202
DZA,2015-01-01,11.206
DZA,2014-01-01,10.207
AGO,2023-01-01,14.62
AGO,2022-01-01,14.693
AGO,2021-01-01,15.799
AGO,2020-01-01,16.676
AGO,2019-01-01,16.497
AGO,2018-01-01,16.599
AGO,2017-01-01,16.617
AGO,2016-01-01,16.58
AGO,2015-01-01,16.491
AGO,2014-01-01,16.401
ARG,2023-01-01,6.178
ARG,2022-01-01,6.805
ARG,2021-01-01,8.736
ARG,2020-01-01,11.461
ARG,2019-01-01,9.843
ARG,2018-01-01,9.221
ARG,2017-01-01,8.347
ARG,2016-01-01,8.083
ARG,2015-01-01,7.58
ARG,2014-01-01,7.268
ARM,2023-01-01,8.586
ARM,2022-01-01,8.608
ARM,2021-01-01,10.012
ARM,2020-01-01,12.18
ARM,2019-01-01,12.2
ARM,2018-01-01,13.212
ARM,2017-01-01,12.968
ARM,2016-01-01,12.732
ARM,2015-01-01,12.468
ARM,2014-01-01,12.201
AUS,2023-01-01,3.667
AUS,2022-01-01,3.701
AUS,2021-01-01,5.116
AUS,2020-01-01,6.456
AUS,2019-01-01,5.159
AUS,2018-01-01,5.3
AUS,2017-01-01,5.592
AUS,2016-01-01,5.711
AUS,2015-01-01,6.055
AUS,2014-01-01,6.078
AUT,2023-01-01,5.243
AUT,2022-01-01,4.992
AUT,2021-01-01,6.459
AUT,2020-01-01,5.201
AUT,2019-01-01,4.56
AUT,2018-01-01,4.933
AUT,2017-01-01,5.561
AUT,2016-01-01,6.064
AUT,2015-01-01,5.802
AUT,2014-01-01,5.674
AZE,2023-01-01,5.636
AZE,2022-01-01,5.65
AZE,2021-01-01,6.04
AZE,2020-01-01,7.24
AZE,2019-01-01,5.0
AZE,2018-01-01,4.9
AZE,2017-01-01,5.0
AZE,2016-01-01,5.0
AZE,2015-01-01,4.96
AZE,2014-01-01,4.91
BHS,2023-01-01,9.198
BHS,2022-01-01,9.87
BHS,2021-01-01,11.694
BHS,2020-01-01,12.804
BHS,2019-01-01,10.011
BHS,2018-01-01,10.0
BHS,2017-01-01,9.8
BHS,2016-01-01,12.7
BHS,2015-01-01,12.0
BHS,2014-01-01,13.8
BHR,2023-01-01,1.16
BHR,2022-01-01,1.326
BHR,2021-01-01,1.551
BHR,2020-01-01,1.767
BHR,2019-01-01,1.226
BHR,2018-01-01,1.202
BHR,2017-01-01,1.196
BHR,2016-01-01,1.195
BHR,2015-01-01,1.166
BHR,2014-01-01,1.146
BGD,2023-01-01,5.06
BGD,2022-01-01,5.247
BGD,2021-01-01,5.815
BGD,2020-01-01,5.828
BGD,2019-01-01,4.693
BGD,2018-01-01,4.532
BGD,2017-01-01,4.372
BGD,2016-01-01,4.35
BGD,2015-01-01,4.382
BGD,2014-01-01,4.406
BRB,2023-01-01,7.954
BRB,2022-01-01,8.493
BRB,2021-01-01,9.417
BRB,2020-01-01,9.756
BRB,2019-01-01,8.413
BRB,2018-01-01,8.322
BRB,2017-01-01,8.622
BRB,2016-01-01,8.247
BRB,2015-01-01,9.803
BRB,2014-01-01,12.17
BLR,2023-01-01,3.574
BLR,2022-01-01,3.574
BLR,2021-01-01,3.9
BLR,2020-01-01,4.049
BLR,2019-01-01,4.165
BLR,2018-01-01,4.763
BLR,2017-01-01,5.648
BLR,2016-01-01,5.844
BLR,2015-01-01,5.881
BLR,2014-01-01,5.911
BEL,2023-01-01,5.508
BEL,2022-01-01,5.558
BEL,2021-01-01,6.264
BEL,2020-01-01,5.555
BEL,2019-01-01,5.36
BEL,2018-01-01,5.948
BEL,2017-01-01,7.086
BEL,2016-01-01,7.83
BEL,2015-01-01,8.482
BEL,2014-01-01,8.523
BLZ,2023-01-01,8.262
BLZ,2022-01-01,8.724
BLZ,2021-01-01,10.157
BLZ,2020-01-01,10.7
BLZ,2019-01-01,9.053
BLZ,2018-01-01,7.899
BLZ,2017-01-01,6.596
BLZ,2016-01-01,7.0
BLZ,2015-01-01,7.578
BLZ,2014-01-01,8.244
BEN,2023-01-01,1.452
BEN,2022-01-01,1.473
BEN,2021-01-01,1.694
BEN,2020-01-01,1.565
BEN,2019-01-01,1.402
BEN,2018-01-01,1.473
BEN,2017-01-01,1.722
BEN,2016-01-01,1.835
BEN,2015-01-01,1.855
BEN,2014-01-01,1.892
BTN,2023-01-01,5.653
BTN,2022-01-01,5.947
BTN,2021-01-01,4.804
BTN,2020-01-01,5.03
BTN,2019-01-01,2.72
BTN,2018-01-01,3.35
BTN,2017-01-01,3.039
BTN,2016-01-01,2.737
BTN,2015-01-01,2.45
BTN,2014-01-01,2.63
BOL,2023-01-01,3.081
BOL,2022-01-01,3.552
BOL,2021-01-01,5.089
BOL,2020-01-01,7.903
BOL,2019-01-01,3.682
BOL,2018-01-01,3.519
BOL,2017-01-01,3.655
BOL,2016-01-01,3.498
BOL,2015-01-01,3.111
BOL,2014-01-01,2.021
BIH,2023-01-01,10.42
BIH,2022-01-01,12.657
BIH,2021-01-01,14.897
BIH,2020-01-01,15.868
BIH,2019-01-01,15.692
BIH,2018-01-01,18.4
BIH,2017-01-01,20.527
BIH,2016-01-01,25.408
BIH,2015-01-01,27.695
BIH,2014-01-01,27.517
BWA,2023-01-01,23.381
BWA,2022-01-01,23.615
BWA,2021-01-01,23.106
BWA,2020-01-01,21.017
BWA,2019-01-01,20.094
BWA,2018-01-01,19.679
BWA,2017-01-01,19.678
BWA,2016-01-01,19.343
BWA,2015-01-01,18.939
BWA,2014-01-01,18.518
BRA,2023-01-01,7.95
BRA,2022-01-01,9.231
BRA,2021-01-01,13.159
BRA,2020-01-01,13.697
BRA,2019-01-01,11.936
BRA,2018-01-01,12.33
BRA,2017-01-01,12.792
BRA,2016-01-01,11.58
BRA,2015-01-01,8.538
BRA,2014-01-01,6.755
BRN,2023-01-01,5.27
BRN,2022-01-01,5.191
BRN,2021-01-01,4.905
BRN,2020-01-01,7.409
BRN,2019-01-01,6.6
BRN,2018-01-01,8.7
BRN,2017-01-01,9.316
BRN,2016-01-01,8.521
BRN,2015-01-01,7.694
BRN,2014-01-01,6.862
BGR,2023-01-01,4.295
BGR,2022-01-01,4.268
BGR,2021-01-01,5.267
BGR,2020-01-01,5.125
BGR,2019-01-01,4.23
BGR,2018-01-01,5.212
BGR,2017-01-01,6.164
BGR,2016-01-01,7.575
BGR,2015-01-01,9.143
BGR,2014-01-01,11.424
BFA,2023-01-01,5.293
BFA,2022-01-01,5.348
BFA,2021-01-01,5.11
BFA,2020-01-01,4.985
BFA,2019-01-01,4.701
BFA,2018-01-01,4.695
BFA,2017-01-01,4.66
BFA,2016-01-01,4.594
BFA,2015-01-01,4.468
BFA,2014-01-01,4.254
BDI,2023-01-01,0.93
BDI,2022-01-01,0.919
BDI,2021-01-01,1.11
BDI,2020-01-01,1.03
BDI,2019-01-01,1.053
BDI,2018-01-01,1.157
BDI,2017-01-01,1.258
BDI,2016-01-01,1.356
BDI,2015-01-01,1.444
BDI,2014-01-01,1.572
CPV,2023-01-01,11.994
CPV,2022-01-01,12.272
CPV,2021-01-01,13.906
CPV,2020-01-01,14.66
CPV,2019-01-01,12.118
CPV,2018-01-01,12.17
CPV,2017-01-01,12.24
CPV,2016-01-01,12.075
CPV,2015-01-01,11.905
CPV,2014-01-01,11.67
KHM,2023-01-01,0.239
KHM,2022-01-01,0.247
KHM,2021-01-01,0.396
KHM,2020-01-01,0.172
KHM,2019-01-01,0.12
KHM,2018-01-01,0.13
KHM,2017-01-01,0.141
KHM,2016-01-01,0.716
KHM,2015-01-01,0.393
KHM,2014-01-01,0.692
CMR,2023-01-01,3.646
CMR,2022-01-01,3.687
CMR,2021-01-01,3.951
CMR,2020-01-01,3.866
CMR,2019-01-01,3.646
CMR,2018-01-01,3.619
CMR,2017-01-01,3.581
CMR,2016-01-01,3.534
CMR,2015-01-01,3.52
CMR,2014-01-01,3.534
CAN,2023-01-01,5.366
CAN,2022-01-01,5.28
CAN,2021-01-01,7.527
CAN,2020-01-01,9.657
CAN,2019-01-01,5.69
CAN,2018-01-01,5.837
CAN,2017-01-01,6.426
CAN,2016-01-01,7.038
CAN,2015-01-01,6.945
CAN,2014-01-01,7.023
CAF,2023-01-01,6.286
CAF,2022-01-01,6.337
CAF,2021-01-01,6.676
CAF,2020-01-01,6.556
CAF,2019-01-01,5.978
CAF,2018-01-01,5.896
CAF,2017-01-01,5.969
CAF,2016-01-01,5.904
CAF,2015-01-01,5.871
CAF,2014-01-01,5.685
TCD,2023-01-01,1.082
TCD,2022-01-01,1.104
TCD,2021-01-01,1.511
TCD,2020-01-01,1.693
TCD,2019-01-01,1.081
TCD,2018-01-01,1.135
TCD,2017-01-01,1.116
TCD,2016-01-01,1.044
TCD,2015-01-01,0.968
TCD,2014-01-01,0.926
CHI,2023-01-01,5.982
CHI,2022-01-01,5.91
CHI,2021-01-01,6.609
CHI,2020-01-01,6.611
CHI,2019-01-01,6.17
CHI,2018-01-01,6.324
CHI,2017-01-01,6.865
CHI,2016-01-01,7.442
CHI,2015-01-01,7.901
CHI,2014-01-01,8.285
CHL,2023-01-01,9.037
CHL,2022-01-01,8.299
CHL,2021-01-01,9.325
CHL,2020-01-01,11.006
CHL,2019-01-01,7.533
CHL,2018-01-01,7.647
CHL,2017-01-01,7.29
CHL,2016-01-01,6.926
CHL,2015-01-01,6.605
CHL,2014-01-01,6.761
CHN,2023-01-01,4.67
CHN,2022-01-01,4.98
CHN,2021-01-01,4.55
CHN,2020-01-01,5.0
CHN,2019-01-01,4.56
CHN,2018-01-01,4.31
CHN,2017-01-01,4.47
CHN,2016-01-01,4.56
CHN,2015-01-01,4.65
CHN,2014-01-01,4.63
COL,2023-01-01,9.565
COL,2022-01-01,10.547
COL,2021-01-01,13.898
COL,2020-01-01,15.983
COL,2019-01-01,10.28
COL,2018-01-01,9.36
COL,2017-01-01,9.086
COL,2016-01-01,8.922
COL,2015-01-01,8.572
COL,2014-01-01,8.799
COM,2023-01-01,5.795
COM,2022-01-01,5.854
COM,2021-01-01,5.857
COM,2020-01-01,5.884
COM,2019-01-01,5.1
COM,2018-01-01,5.018
COM,2017-01-01,5.04
COM,2016-01-01,5.042
COM,2015-01-01,4.972
COM,2014-01-01,4.88
COD,2023-01-01,4.544
COD,2022-01-01,4.585
COD,2021-01-01,5.273
COD,2020-01-01,5.369
COD,2019-01-01,4.642
COD,2018-01-01,4.661
COD,2017-01-01,4.637
COD,2016-01-01,4.548
COD,2015-01-01,4.456
COD,2014-01-01,4.446
COG,2023-01-01,20.054
COG,2022-01-01,20.261
COG,2021-01-01,22.077
COG,2020-01-01,22.373
COG,2019-01-01,20.608
COG,2018-01-01,20.938
COG,2017-01-01,20.887
COG,2016-01-01,20.524
COG,2015-01-01,20.2
COG,2014-01-01,19.781
CRI,2023-01-01,8.304
CRI,2022-01-01,11.325
CRI,2021-01-01,15.139
CRI,2020-01-01,16.432
CRI,2019-01-01,10.807
CRI,2018-01-01,9.01
CRI,2017-01-01,7.729
CRI,2016-01-01,8.085
CRI,2015-01-01,8.415
CRI,2014-01-01,8.499
CIV,2023-01-01,2.403
CIV,2022-01-01,2.434
CIV,2021-01-01,2.59
CIV,2020-01-01,2.559
CIV,2019-01-01,2.401
CIV,2018-01-01,2.851
CIV,2017-01-01,3.273
CIV,2016-01-01,1.896
CIV,2015-01-01,2.574
CIV,2014-01-01,3.275
HRV,2023-01-01,6.063
HRV,2022-01-01,6.96
HRV,2021-01-01,7.608
HRV,2020-01-01,7.507
HRV,2019-01-01,6.617
HRV,2018-01-01,8.432
HRV,2017-01-01,11.208
HRV,2016-01-01,13.103
HRV,2015-01-01,16.175
HRV,2014-01-01,17.29
CUB,2023-01-01,1.163
CUB,2022-01-01,1.254
CUB,2021-01-01,1.373
CUB,2020-01-01,1.4
CUB,2019-01-01,1.2
CUB,2018-01-01,1.7
CUB,2017-01-01,1.7
CUB,2016-01-01,2.0
CUB,2015-01-01,2.4
CUB,2014-01-01,2.7
